<meta>
	<settings>
		<setting name="*MaxHostiles" value="[100]" /> <!--maximum allowed zombies -->
		<setting name="*StreamMethod" value="[1]" /> <!-- 1 to constantly stream zombies, 0 to only allow zombies to spawn via createZombie function, 2 to only allow spawning at set spawnpoints -->
		<setting name="*Speed" value="[1]" /> <!-- 0 is slowest, 1 is normal, 2 faster -->
		<setting name="*MinMoney" value="[1]" /> <!-- Min money value to recieve money per kill -->
		<setting name="*MaxMoney" value="[10]" /> <!-- Max money value to recieve money per kill -->
		<setting name="*IsOnlyGangSkins" value="false" /> <!-- If 'true' script would use only gangs skins -->
		<setting name="*IsOnlyPoliceSkins" value="false" /> <!-- If 'true' script would use only police skins. 'false' to disable -->
		<setting name="*IsWeaponDroppable" value="true" /> <!-- If 'true' script would create weapon pickups after ped death. 'false' to disable -->
		<setting name="*getDifficultLevel" value="Medium" /> <!--  'Easy' , 'Medium', 'Hard'  -->
	</settings>
	
	<info author="Solpadoin, Slothman" name="Hostiles Entities" version="1.0.1" type="script" description="Create Entity that would attack players" edf:definition="edf/zombies.edf"/>/>
	<script src="core/hostiles_server.lua" />
	<script src="core/hostiles_client.lua" type="client" validate="true" cache="false"/>
	<script src="hostiles_create_list.lua" type="server"/>  <!-- Create your own hostiles in this file -->

	<export function="createHostilePed" type="server"/> <!-- createHostilePed ( x, y, z, weapon, rotation, skin, interior, dimension ) -->
	<export function="isPedHostile" type="server"/> <!-- isPedHostile(ped) -->
</meta>


	<!-- <file src="zombiewood.png" />
	<file src="skins/13.txd" />
	<file src="skins/22.txd" />
	<file src="skins/56.txd" />
	<file src="skins/67.txd" />
	<file src="skins/68.txd" />
	<file src="skins/69.txd" />
	<file src="skins/70.txd" />
	<file src="skins/84.txd" />
	<file src="skins/92.txd" />
	<file src="skins/97.txd" />
	<file src="skins/105.txd" />
	<file src="skins/107.txd" />
	<file src="skins/108.txd" />
	<file src="skins/111.txd" />
	<file src="skins/126.txd" />
	<file src="skins/127.txd" />
	<file src="skins/128.txd" />
	<file src="skins/152.txd" />
	<file src="skins/162.txd" />
	<file src="skins/167.txd" />
	<file src="skins/188.txd" />
	<file src="skins/192.txd" />
	<file src="skins/195.txd" />
	<file src="skins/206.txd" />
	<file src="skins/209.txd" />
	<file src="skins/212.txd" />
	<file src="skins/229.txd" />
	<file src="skins/230.txd" />
	<file src="skins/258.txd" />
	<file src="skins/264.txd" />
	<file src="skins/274.txd" />
	<file src="skins/277.txd" />
	<file src="skins/280.txd" />
	<file src="skins/287.txd" />
	<file src="sounds/mgroan1.ogg" />
	<file src="sounds/mgroan2.ogg" />
	<file src="sounds/mgroan3.ogg" />
	<file src="sounds/mgroan4.ogg" />
	<file src="sounds/mgroan5.ogg" />
	<file src="sounds/mgroan6.ogg" />
	<file src="sounds/mgroan7.ogg" />
	<file src="sounds/mgroan8.ogg" />
	<file src="sounds/mgroan9.ogg" />
	<file src="sounds/mgroan10.ogg" />
	<file src="edf/zombiespawn.png" /> -->